{
  "source": "side-2-full-vid.mp4",
  "model": "yolo11s-pose.pt",
  "device": "cuda",
  "detection": {
    "conf_threshold": 0.3,
    "iou_threshold": 0.5,
    "classes": [
      0
    ],
    "imgsz": 1280
  },
  "tracker": {
    "track_activation_threshold": 0.25,
    "lost_track_buffer": 30,
    "minimum_matching_threshold": 0.8,
    "frame_rate": 30,
    "minimum_consecutive_frames": 1
  },
  "court": {
    "polygon": [
      [
        954,
        660
      ],
      [
        531,
        1158
      ],
      [
        72,
        2130
      ],
      [
        3792,
        2109
      ],
      [
        3351,
        1185
      ],
      [
        2895,
        669
      ]
    ],
    "net_x": null
  },
  "skeleton": {
    "keypoint_conf_threshold": 0.5
  },
  "display": {
    "playback_fps": 20
  },
  "output": {
    "dir": "output"
  },
  "reid": {
    "enabled": true,
    "w_pos": 0.6,
    "w_color": 0.4,
    "match_threshold": 0.5,
    "position_ttl_frames": 90,
    "color_ema": 0.0,
    "players_dir": "players"
  },
  "homography": {
    "image_points": [
      [
        984.0,
        1044.0
      ],
      [
        2772.0,
        1011.0
      ],
      [
        843.0,
        1197.0
      ],
      [
        2913.0,
        1155.0
      ],
      [
        333.0,
        1779.0
      ],
      [
        3468.0,
        1728.0
      ]
    ],
    "world_points": [
      [
        0.0,
        20.0
      ],
      [
        10.0,
        20.0
      ],
      [
        0.0,
        16.95
      ],
      [
        10.0,
        16.95
      ],
      [
        0.0,
        10.0
      ],
      [
        10.0,
        10.0
      ]
    ],
    "H": [
      [
        0.0008838267623293721,
        0.0007741688631396527,
        -1.67163459365817
      ],
      [
        9.74505401264463e-06,
        -0.0005564224467894574,
        3.659040531633389
      ],
      [
        4.466916317306668e-06,
        0.00015882273002284781,
        -0.016801159752749175
      ]
    ],
    "H_inv": [
      [
        1145.1256071622624,
        505.65553384020825,
        -3810.301585861535
      ],
      [
        -33.06132064598283,
        14.784473756520272,
        6509.278979978311
      ],
      [
        -0.008077355679849105,
        0.27419722845353706,
        1.0
      ]
    ],
    "reprojection_error_m": {
      "mean": 0.0241,
      "max": 0.1343
    },
    "court_dimensions_m": {
      "width": 10.0,
      "length": 20.0
    }
  }
}